tid,sn,bind_time,unbind_time
432072f408ce409da973d9bb14eecd67,C0CEE516DB,1713882922,
9f31f64933204c52954752efc2d00ab1,C0CEE512DC,1714063379,
dddd0ea56d9143ec99d240b9a3023ad4,C0CEE51725,1713880226,
3c4b79f7672c4f86a5918eba897ecb2d,C0CEE51361,1713880754,1768186063
ccad881b1cba47059104cd120b8e91cb,C704E504F7,1768186065,
18f81e4e5cab440184b4994272104047,C0CEE512B6,1714065475,1781773775
af3828ef01514521aeda7b7a3aab880f,C0CEE50211,1713953208,
76093eff5a4b4abfaf945472de6790e2,C0CEE50239,1713953947,
5c4c433e9f0946beacd57196b18e22d6,C0CEE51755,1713881729,
71b5723a85c3428990ff042394ae4d02,C0A6E505B6,1714100331,
d015d9c32dae41c186604977b256b752,C0CEE513E2,1714061114,
caa6e60380ab4dc69d53dcc3e50abb47,C0CEE51732,1713882203,
d5a8aaf369a348a890f5c42d428ffc7b,C0CEE51736,1713880091,1778150858
5e29a64f8bff4128a4a003eaebf437b8,C0CEE50F6A,1713873839,
34c32f36c228434ab36c44f24b250d88,C0CEE5140F,1714054229,
d372082d33f9474983f82f700b2b64b9,C0CEE50F76,1713876195,
e933445d35fd4f41beb0578b2acfec7d,C0A6E50322,1714104668,
4057097889da403ba04d77b7998e00da,C0A6E502F0,1713931825,
82c6c8c4bcec4c77a9374a3fb66d5b1a,C0A6E50319,1714118970,1778748894
9979a5bde29249e1a0684fd2c0cbd237,C0CEE50080,1713777430,
7aac4842b9564eb5b75eaf119bab071e,C0CEE510AC,1713770152,
d14c1a5ae452464da60978099d80112d,C0CEE516FA,1713778627,
f04c000be3364e85822b6139674fea39,C0CEE51711,1713778512,
a3d19a1af4e240ca8e415d71344bc040,C0CEE51512,1713600129,
f9149ebcc3884b4a845d6eb4275aa6ed,C0A6E50218,1714272224,
9b3d5b85771a421393c51d4396975a05,C0CEE517D3,1714203582,1778465335
34ef3c1a9edf49f5858335e2f096af53,C0CEE508D1,1714203491,1778644219
d9adc9025c40454089158cb344faa0d5,C0A6E503B0,1713512299,
05859c4274444b3a983c4e2aca3e5e1f,C0A6E504C2,1713666431,
c1dddb8018d44f9c95e0b7d191acf412,C0A6E50481,1713583521,
05c0c72d84994389a53cb6ee95481e09,C0A6E503BF,1713513689,1778496831
405884308084426fbf03aa7bb50b7a1e,C0A6E504F0,1713854168,
8a185dd16da2438bb0e950a1c0ed3888,BD9AE000F1,1713690736,1778658037
d55c6d8e0b1245d49d3802c5b78c9828,C0CEE50FB8,1713606151,1778476692
1b2b1c3017464f84aa1e69095dce080e,C0A6E50103,1713671803,1770097781
438601903e7444c2976831423e36f117,C704E501D4,1770097783,1778580850
e14d2f05308e468ba07d29ca3e26b609,BF1EE51311,1739962679,
b9799b5a48684f7c9fc094b5676e2195,C0CEE50C9A,1713590898,1781764942
07eab7f8bbff4a509c63700691de7f03,C0A6E5023B,1713593813,
de164222c5a74449b396027cdd9b0d29,C0CEE514AC,1713925746,
5515e0be1f71406387a3f7c0ca6121d9,C0CEE50CBC,1720764793,
c63d5f38ca8145ccb1dcc0153615df27,C0CEE51501,1713773551,
4fb20cc2a416476db2855fc6f818377f,C0CEE50CD2,1713686895,
9bdfa281b68e4bd0ac2370aeca390303,C0CEE50DE9,1713953356,
14a67e8f03404e8aad1d6bf550dfa31f,C0CEE50D4F,1713925379,1776668375
ef6c62c19f5142b98cca29420d28acf4,C866E51C6A,1776668378,
2a92fef6957247aebef13b9cbb5c2bfc,C0CEE50E67,1713604247,1778590835
398f56564ecc4d22b0b3c8a99f88c3e8,C0CEE510DF,1713613270,
3c6a22fb826d41a48b5d50e9cc6f5774,C0CEE503B3,1714014940,
cedef42b89ef4403b59b971db816fbd8,C0CEE510E2,1713614785,
636a1145938f427194b867df01e6901a,C0CEE50B15,1713947564,1778648152
28b8b025e6824f2e8b06f2f63841786e,C0CEE50BAC,1714102817,
80d765bb3ab94002a1cda8d6ab944503,C0CEE50BBC,1714188760,1779098627
464502914ef44283a17aa82fce188d1b,C0CEE513B0,1714028139,
56e566a24b5b4b08b931a962195ed08c,BF34E533FC,1713493793,
c5aff0cbbdf14f698a03ea01a95c8a33,C0CEE5110D,1714015602,
7b570dc55131478f80abe62498b60499,C064E501FE,1713864580,
1cb2c81daa014152a5d52817e04f0645,C0CEE5054F,1713759036,
a98cf92297bf43d487c377de7ee02813,C0CEE515EF,1714118033,
340542ddb5504565bef3732d587850df,C0CEE515F3,1714117910,
f347d4bd1213428b9884f6a38b5a51ef,C0CEE50ABB,1714023069,1778493903
5854e84646bf4420ab5cadf75f1c26cb,C0CEE5011E,1713769366,
b902062cf3da4267a48e81075c1fd89d,C0CEE50BEA,1713940213,
d17dec51c4af45a082dd2e27229fb364,C0A6E50624,1713937684,
b59f753e510245599a7aa20cb0fb30c3,BF34E518B3,1713511205,
b3e18cf317304a0b956e7cb8d6535447,C0CEE515A0,1713861798,
8439bc21d1694548b5903ca0a54f5207,C0CEE50F9D,1713875820,1781589265
74c40a6db4ec4b2088b4b40699a03300,C0CEE50F6F,1713874625,
94ffb80e808c40d3b221a3744387f5a3,C0CEE50216,1713954891,
2a41c396774e4c0797fc41fb7e70a777,C444E51FE2,1768029350,
af3bc7af658e44979914ec465a7845c4,C0CEE5123B,1713795701,1768029348
d0bf58453c4a4c1cbe12c073106d61db,C0A6E505CB,1713694063,
ec41404fe07e401c807bf494f3ac2d2d,C0CEE5021A,1713953994,
7bc01f8f19a243a181a1eb40f287bed3,C0A6E505A2,1714102361,
78a997bebcdf489aa300c52d5a07f11b,C0A6E50282,1713694910,
cbeb44c52e5c436a910329a9d7b2e190,C0CEE50099,1713775457,1778642124
de34a0bb70ec496a8e3737a43e88be92,C0CEE51229,1714205507,
0b89a170788a45a5bf8d573b9d73442c,C0CEE51515,1713518386,1778152575
3f2c63f9925c43c48763aec0c1745232,C0CEE516A3,1713863224,
ffd9baca814440bd869892708313780b,C0CEE51186,1713763713,
b8c24ac5f57144a08fedba51de0de9ed,C0CEE51093,1713764411,
b73251831486413189f18c2fa8d470c5,C0A6E501C9,1713601235,
84a1f6e4480e41d7ad7336038410c9c2,C0A6E50106,1713671972,
c7cf94cc345b4e1eb3dc9c0cf09321c1,C0A6E501A3,1713599267,
7cde1d98fd2f4243a5aec1a81f9df38f,C0CEE50CFB,1713686419,
6aa9767572fb473faf5dc653c19690be,BD9AE00DE7,1718185848,
4b16f6e9d5824aab9a64227107c7530e,C0CEE50C22,1713776197,
68abc8bc8be64a3c9ac55b45f46abccf,C0CEE514CD,1713771189,
30837bad71474bdb9ef23ff697ea29fd,C0CEE50C33,1713693177,1768097559
8c8ad83a50874f7b9d09da351c69d090,C704E504F8,1768097561,
e884e7dd2f054c588575814552ddfb3f,C0CEE514B6,1713925769,1778653396
950c16addacb454fbbd6f80c765b513a,C0A6E500AE,1713776725,
2b0b1503328d44389c85d9a9a7d19e22,C0A6E502A8,1714041108,
a67638ad7f3646188806ef739f28c804,C0CEE50EB9,1714017980,
609cd836c5cc446d8e3b5036e9c85faa,C69EE50640,1769660924,1778659613
72e9e67a5aa7411abd44f469554b9707,C0CEE50DDA,1713954350,1769660921
a2a5fc8ef1ea4d1eb09e76891123659a,C0CEE50DCC,1713945524,
a0c2fac653cf416984455201c2fd17fa,C0A6E50270,1713599149,
42c9e99a0aed487f9d4b34c6657f3247,C0CEE50E44,1713605961,1756801432
9003470ec0fd47e8812bcf15fcd450bb,C10EE54558,1756801434,
255e13b5e7224d52840e7821d3bd8d34,C444E51500,1744712733,
ca0d70592dda47d7b15f30089c7e7b6a,C0A6E5025D,1713586618,
7d26dddcae95466588ce7bcb48c288a8,C0CEE51308,1714101414,1778643499
85f3c089cc6946b8bf3e425f3b29d0cd,C0CEE503B6,1714012920,
d5295574b62246ff9a66379c74299453,C0CEE5154A,1713765497,1778377496
29220ec181834079bce7965c4f54bcf4,C0CEE51572,1713931849,
6ca7b67aa1954a179a91980d109f05e9,C0CEE51016,1713762094,1781761238
daaa4b1c41c04ab4a063198201d1bf7e,C0CEE50D83,1713840060,
5d42be35f958474696d9ac580f1b5ec5,C0CEE5130A,1714101496,
dc29b635c8e846548cdd39ed43937c95,C0CEE5016A,1713856381,
97a3b906f34c4de1a22ae998349a9961,C0CEE50FEC,1713758987,
92068dbb42d84d8daf1ccd9799a1f91f,C0CEE50AD9,1713930516,1778644648
2a5606aadfb04a66bb40846fec0eed7d,C69EE5070D,1766471132,
af859721f7ce4363bfaf9cc32813e268,C0CEE51599,1713863419,1766471130
94242f3d7f444d0d81df36f7fe9cd82b,C0CEE50C14,1713942514,
a58526b0469046cfbb9e065e9df23866,BD9AE00CDD,1720161348,
f6a013e17dac498b885494d4190e8154,C0CEE512D9,1714066537,
a77adb295d21448a9b573acad42bee31,C0CEE513EB,1714060973,
4fd3b610febf43c9a586d1b2919cbbbb,C0CEE50F71,1713874799,
46bc53e66167459abc76eb65ba4687dc,C0CEE51404,1714053125,
ba6544eb5f10461ea521f1f7d637d0a1,C0CEE51360,1713881514,
cf7e133c219549df955348416f061e37,C0CEE516CA,1713883421,1778476651
60bdd67d701a4dc7a2946f1d65ad9c94,C0CEE51235,1713794815,
0eb32b809dd74970b5fece8f8c2caa4b,C0A6E50311,1714103527,
cfc3f39f108f4d5a81faec649afa455d,C0A6E50159,1713697108,1778201884
4d3602ce5b6f4ac79231ea817fbb2fec,C0A6E50599,1714097935,1781492223
44b0b954a3434df28ab2af17be46db81,C0A6E502F2,1713923933,
0ecefcde87e34d3495b98b6b61035da6,C0A6E502C4,1713934643,
bb7a4e21f73e44bb880d4d6352b9e108,C658E50093,1767068834,
f3a3612c4bda4c91bdbb0fdc2498ccd0,C0A6E50412,1714308112,1767068832
1b9440a9e95d4661bb1b46354af52791,C0CEE50064,1713776556,
45c8e3adc1a640d3825cd50c0ea94c27,C0CEE51476,1713841198,
ba19546db27a453883d4e7e782b4102c,C0CEE51767,1714012735,
ea85f691adcc4f93ba67ea5a0c189885,C0A6E501B9,1713601396,
befb233d1b7b4dcf8ab3fce1f16b56d9,C0A6E504D5,1713833634,
dc421c2c7e4e44c99e5ec3dafda19179,C0A6E50489,1713584386,
2527e529e65d4befb7293052a389da15,C0A6E501A8,1713601304,
84163c7731744dc0b711249bfe5258fc,C0CEE510B8,1713771014,1778742967
94954ac428fe489d8f37bf77fb7d58b3,C0CEE50097,1713775725,1778236635
f5360f8c5e2d4ad9a6d8825e3f32725c,C0A6E500F8,1713671215,
55147ae6bdc2425691fa894ba69e6235,C0A6E50465,1713583874,1778647912
d8c31dcd963d4537991d91352696a69b,C0CEE5104D,1713860416,1778227082
9635f91bb4154c6496335d8b80059d4e,C0CEE51033,1713860134,
7d1b98abb05a4e8394f2203245b9f68a,C0A6E500CE,1713776878,1778643655
63fb89bfcaed4519be3dfd8e1e8ce00e,C0CEE51085,1713784554,
05ea135db4064090ae4695376cb4572b,C0CEE510F3,1713690426,
0970e3bf8812440ea0b4f4a29f646334,C0CEE50D80,1713839385,
3f1ea27ba469432b967482cb077b3bca,C0CEE50D70,1713840154,
2b963c83e0e94e4d943838d098103fc6,C0CEE509CB,1714214958,
eedc746d10ab4fbe969a2f991ff40e1b,C0CEE512F5,1714103232,
4230d7d74232434c81bf171b86a580ac,C0CEE5131F,1714029048,
29c1e6556dad4cc4991e815f569eca4a,C0CEE5135F,1713928687,
456486c26b434f0bbd56be88068b7626,C0CEE513B7,1714028324,1781761941
c513608bb2fc4edf97e25db222953b0d,C0CEE503DA,1714014605,1766478114
f9d85ea939b44e83a8427a763c4f99ee,C658E50C19,1766478116,
0650d6a7fd634f27a7136859a4ab8914,C0CEE5131E,1714100369,
e3fb7a1f9d0c4d968af1f6084dd334ed,C0CEE5155F,1713766530,
84d7c6eaa076459eb40d01d7d309c333,C0CEE50AFA,1713942641,1778218236
782dcf958124422da0331a1971c79643,C0CEE50172,1713850385,
69d0e710972b4b8dbe2aa9b9d5423065,C69EE506D6,1769850824,
ac8d72d355194a91a6514e43d73b89c3,C0A6E50695,1714214711,1769850822
40d830ebe81d42f8a5cecef33c415737,C0CEE5012A,1713839192,
939327b8d4f040019230dad58b2051a7,BF34E518BD,1713513088,
90447c0b480043d98e41076b6bca246b,C0A6E5054E,1713839941,
f5888752dd4242c69482000740934c13,C0A6E5021B,1713845029,
e1753a52cc574915a43e9a8e563cb107,C0CEE51368,1713879957,
0d7163a3c6c34f5e83ff055bc2b3a2f3,C0CEE50225,1713956048,1768096968
2353f3f5079042fbbe44204c30b104d2,C704E504FB,1768096970,
438729669d6c4991b1820a90352be4fc,C0CEE511EF,1713796678,
805edea98bc54a918e53e3217cbe3789,C0CEE5139B,1713877366,
2955de357f5f41b3931952f646e57ed4,C0CEE511E7,1713796006,
95ff56dcd4e0497bbbca6ed3c7024b34,C0CEE5174E,1713882870,
86b85eddf14940738e53d0ebe313582d,C69EE506D1,1769760915,
f96e5a4caaa948febccb603f74c190ec,C0A6E502C1,1713932984,1769760913
9ee039d1bf254da793c564318cec6efb,C0CEE517D0,1713857016,
962e9a6e0fac41f8bebea13189eefec6,C0CEE5010F,1713854889,
86d62c15d3e94f00a7bca9a0b9c4324e,C0CEE517BF,1713855524,
0746c14e5f3c4d8180ac19f9a7b95f7f,C0CEE516F6,1713774115,
bf3a2f47f1db430daea55c40be3e8300,C0CEE517BC,1713854550,
66ba594ab4424545aca01b968b1f4a80,C0CEE51458,1713842917,1778154150
662d4a55f9fc4b3b976a0aab39f335f9,C0CEE511A3,1713764837,
5583a02401334665b3a9e88cfa1508c1,C0A6E50474,1713584047,
76178f07942547e49a83f0aaebc630df,C0A6E500F4,1713671776,1774682130
b069dad786f14259a684f7c223ea4f1e,C866E516B0,1774682132,
ca7baf5391af42c7a6a702d20c623214,BF34E51B14,1739854441,
575daf0b6c914539b16c299e61376680,C0CEE50E0A,1713514282,1778154832
aa640550bdc94a26a2cd2c709e433bf2,C0A6E500EE,1713672866,
b42ef03193df43139c1ed2a68b272de5,C0CEE50DFE,1713514726,
26524af5bc3c4f4c973136ce83cd9af6,C0CEE50E87,1713516765,
409fa9a3bc694c8891793e1734251a0f,C444E52719,1742882846,
a913f83f962d40ad857f13546d0c9ff6,C0CEE5102D,1713859890,
54cf03512c754441939fa98d4e292b33,C0CEE51177,1713674097,
68a804f72450437cbf92c24bedc8a80e,C0CEE51100,1713613930,
65d6eba75b51459192a5e29e5d986b26,C0CEE50DCF,1713942353,
80b7a7b994fd4f4aa14deb39d35f5f0d,C0CEE50DDD,1713946822,
1fd3aa4b66d44c449ff82cc6e6c7b950,C0CEE510F2,1713613712,
62e18a46655b4b729d288890a8e3d2cf,C0CEE50B40,1713856812,1767059231
ec94226d965141deb42cb158d3edb593,C69EE5071D,1767059234,
a286a8a4720645b58e2af8ecd41f2d5a,C0CEE50E4E,1713610347,1781589183
8b18dcdea5674816b503f7df319afc9a,C0CEE50BCB,1714101548,1778150937
3553333cedb2425d9d4dfef00b080c23,C0CEE512F9,1714100999,1766215154
773e1dac472e42aebe6433d37acd3bd3,C6B8E5021D,1766215156,
18c4b1f0a0264fa6a762bfb98039ac27,C0CEE5162A,1714102237,
bd5478c92c2242a69b00e28b8ce7169d,C0CEE51342,1713928802,
7c5e34e32e3d4c6bb2424563963a6e0a,C0CEE51303,1714029374,
09ee77fe1edb42ef9f97476719f96bfc,C0CEE51571,1713752411,
1895ea93e794475b84a58f09899e3850,C0CEE50BC5,1714117352,
b2bbe298d94d402b8b8b8533bc7492f2,C0CEE509EB,1714215022,
3a0193b36ae744c9b278788efc51be6b,C0CEE50138,1713772728,
036c54d2cbe9494b882028542564115f,C0CEE50AEA,1714023811,
d233f17e5cb042c1801b98a74f2b8ae4,C0A6E506AD,1714214219,
150684f6764e4096a5f0dff031c039fb,C0CEE51796,1713930237,
6b7f012033eb439988891a3d7fe2c64e,C0CEE50AD0,1713930724,1781765224
a2e8c10e684443b4b145c66a5efcd47e,C0CEE5011B,1713769188,
7152d410e95743c694edbef7144fc365,C0A6E50235,1713844297,
e6ce8ae0e1994e70ad0da5555a2ce4b1,C0A6E5053A,1713846350,
b3df894e4eb34f7a80f3c783dd4b8f91,C0CEE50BFC,1713943922,
59319f7a03714f86950ac1f352939a01,C658E505BA,1771989757,
d576000eb94940eea1173210724c17b1,BF1EE50CC0,1763436645,1771989754
db7b257097d743e0ac3291f6832b43e0,BF34E518B0,1713518848,1763436642
86a441e64b8c4361a8e279f9f9fa5839,C10EE5327E,1745971924,
7df55d7740c142288ffd423c9234113d,C0CEE515A7,1713857909,1778659123
c28e490b6d29467c94d3fa9605ed2717,C0CEE513FF,1714050227,
0a07e63b7f9046699907281ed5be65a9,C0CEE516DF,1713955503,
77491230943041269a8aaf94ee560009,C0CEE5021D,1713956311,
b04b6d9d105045cb8a0406625c76b1ed,C0CEE516DE,1713955950,
05fc5d5cacf14a609bc942506636ce47,C0CEE5140C,1714050452,
222e014fd2c74eda9e68543149d91a8e,C0CEE5138C,1713878173,
807d4b9023284815a5d13006d1bbddd1,C0CEE511CC,1713797248,
b8c90490af004b01ae5d2dd739578e7a,C0CEE513FD,1714053466,
2efe6263090a4f2cacd0951d9cb116ec,BF34E51394,1765683275,1765683418
2efe6263090a4f2cacd0951d9cb116ec,BF34E51394,1765683421,1765683423
2efe6263090a4f2cacd0951d9cb116ec,BF34E51394,1765683524,1765683661
3273032ecbec4057be90598c7d83c922,BE92E51325,1765683663,1767430508
7dd9443b8d2d478d95a830168e363790,C6B8E50135,1767430510,
f32c69cf99724a54b312e5e3228c5b51,C0CEE516BC,1713954933,1765683273
c24b974d1eae4901a3b932b4d0204ecd,C0A6E502C9,1713932731,
ed57a02fb013462ebcc1e4f1aa04446f,C0A6E502CF,1713935163,
62d6b37e4078417bbf95727fb84e261e,C0A6E5017F,1713696083,
36ff22d23472478da96d7635683f1421,C0A6E5018A,1713696141,
b33453f2c35245c1b5914f1b1b12b9af,C0CEE51774,1713930683,
7e21973d2d414969852c1fc914caf3f5,C0CEE51509,1713518465,
213e20f9ca504b278d3d87b37c96fb29,C658E50BF0,1766464224,
59fe51e668d3416b9be4dc1b1ee08cbd,C0CEE51519,1713520064,1766464222
21b6abf23d154738b4b6d4904eac0f75,C0CEE5109B,1713766787,
1a53b6e568ca40bfa723777760617b10,C0CEE51099,1713769556,
f9cd6afee2334325bca483ceb9bb25da,C0CEE51211,1714199875,
ec5c2f525241470e92e805e5555bc93f,C0A6E500FD,1713671740,
a51e90f2bb7b4818905794bad7e3b5fa,C0CEE50074,1713771451,
6f6c9dce8ba146a5b7b3d19d02d01373,C0CEE51457,1713842224,
94000ee60151469383a1b4b17a45987c,C0CEE50086,1713776625,
e5fa5713742b4d3195d96900fa92d415,C0A6E50243,1714272417,
d599ad075b3143048b75501e4214eb64,C69EE5076D,1765257155,
f562b26010ea4bc48baffa46569d42ac,C0A6E504D0,1713668102,1765257153
335ad11373dd47a5a0a661c83ddc819c,BD9AE000FF,1713690616,
62c3c8d5893c463db21c8bac0571d781,BD9AE000D2,1713691854,
30f4449eeb074c839c0edf462c48ff2b,C0CEE51500,1713771564,1778211156
44197a9e77e04b61a9dccda7c7891b54,C0CEE50FDA,1713607827,
3febefa8a7554e7fbc665809fffcebc0,BD9AE000DF,1713670263,
db61ad6bec584e5c8f087b8b2f433f99,C0A6E504F7,1713851074,
0a6b15aa7f224634a96479bf86c70b25,C0CEE514DC,1713772167,1757923806
1bf6671626744e00bf25ad6943ae0b5b,C5E2E5083E,1757923808,
3c5a7a78c00143e8b493fa92edea8550,C0CEE50E94,1713592642,
4257070afb3a4e51b876bc2558b3f018,C0A6E5023C,1713593627,
3565cebca50a4c37a9ab550312aa00ff,C0CEE50FC2,1713608177,
dc3e32fe6fd449239875d15bc2e5ac77,C0CEE50FD9,1713606438,
8c2c6b2d39bb45ef89eab2d78da61375,C0A6E500CC,1713768889,
90a7661dab87497e98eb72e383417f71,C0A6E500C8,1713777473,1778729872
33798952812c41c4bd07daf2d17b5e80,C0A6E50245,1713596326,
e6ef9b4576fe418e81ea2786dc38311d,C0CEE5135B,1713924538,
fe072af093224edaa9170306ec7e1e38,C0CEE510F8,1713614417,
3563fe9f0a1c404b9e763f18370ce2ea,C0CEE513D3,1714029504,
e204a5549e9d4bf187e729f78963803c,C0CEE50BD7,1714101690,1778152365
f8d6b6b033974506bb0d9ca52efa2bea,C0CEE50BDA,1714102575,1778575613
e1fda7a730ff4e35bcd0ad186efd1c9f,C0CEE50538,1713760685,
a734f4908add44288801398700dfcdd1,BF34E530CB,1713491700,
a0e9f214dce244218b7f376406ce3e24,C444E5188E,1747986851,1781761071
dabd0d6d6eed419197b2b48facec0c16,C0CEE5013D,1713772637,
d79ee083869a4113beebea7d63173cf1,C0CEE50AC2,1713931073,
80db93ff135849c091c9406724a08d0d,C0CEE50AB9,1714023246,1766547581
d39dc0bed8d445178e7475bb4f1480cc,BF1EE5124A,1766547583,1781588964
b93ba23b20b44f988a0aecc5fe8c42a5,C0CEE50C11,1713842702,1763703197
dfc544141b0b49819a9c49f86d83a548,C69EE501DF,1763703199,
6a81071a6721495a88eeac27894de838,C0CEE50178,1713857337,
d7e5e9fa532f413fa07244c5bf6600f4,C0CEE50BFA,1713939433,
47b6827395fe4657b2ab48dcb2b351ca,C0CEE50C00,1713944199,
3edd78aee9dd4b049e777212b5469a38,C0CEE513F7,1714061245,
0bc2667cd78e4ff0bccaea29bb437548,C0CEE512B1,1714065804,
609e6ebada2c4178adac930cdc894c0d,C0CEE51406,1714053378,
96f3d0118bee4e2e9b4cc4d1cefa5df3,C0CEE51261,1713797361,
b4a206fb343742238d623286c66c3acb,C0A6E504C1,1713834743,
6dcb2951d50f4eaaa87158fc8fde4f7b,C0A6E5040F,1714308675,
59fea27c552b481791fd7e2fb0b22e95,C0A6E50321,1714103691,
194004c9175b416083f81706bcf82c3d,C0CEE5171D,1713774957,
9d94da2d0fa64e14ac140fd7ace87836,C0A6E50164,1713696591,
3f784814e01348b29d927ba6daef85f1,C866E51B61,1777542621,
a21c3585ee7b4b0c9d9cdc90df30644a,C0A6E5016B,1713696483,1777542619
9aa6f7585be94b13915112c418d529f3,C0CEE51527,1713518183,
7b236246254f4e63a146a2cfddf2b95d,C0CEE516FB,1713945264,1778651509
58cf5654a8084d50aa5235d6213cc0fc,C0CEE5009C,1713777304,
3a164647f063436dba910568c43a1a56,C0CEE517BB,1713858751,1778735165
c2619c2e1bd8489cb2a926bc3f480771,C0CEE5008A,1713771609,1778828409
9aee5cf644874a33a6fb3192b2d1572d,C0CEE50091,1713775862,
6e0ce71cc4d34e998ec57ceaa9d64a0e,C0CEE51183,1713762963,
bd93bbede37442bdac505462b9d4b286,C0CEE51690,1713947282,1778212464
a4e31bafba34476f9231f316cd551d30,C0CEE517C8,1713859365,
bfcf6a189ce046ffb1059f06a5b292f3,BD9AE001E5,1713670302,
563c462f9ef54447b92221a10c4be25a,BF02E51E25,1749014281,1765258976
b06503b1978d485da9d2e7e102c6ca15,C6B8E505ED,1765258978,1778650782
71bab39de0f24167abbd004cc6c74bf2,C0A6E5050B,1713852979,1781760708
ce0cd74ebafa416ba4657d5741bf67a1,C0A6E503B1,1713511430,
baa97d276c5347fc9ed0be7937357027,C0A6E504FC,1713854367,
1650235ac5884dc3b2a2e16c18a70a2e,C0A6E503CE,1713521133,
394295e1266c49f3b1b18f2f2f1e4e59,C0CEE5007E,1713772063,
cc3e374192a6445db6a5bf45e2993d44,C0A6E500FF,1713671433,
76546875600c4eac8f3b379af42118fe,C0CEE50FB6,1713608266,
62411741e35b483085e9bc0efd10939c,C0CEE50C9D,1713590747,
1a2e2e612a084f608d1d1c2840c8aa45,C0CEE50C38,1713693395,
a0b6f0b8d6014f6a9c12f60a30637222,C0CEE50CEC,1713690444,
d1393c1c51e84b9e8fac2692850a332f,C0CEE51053,1713862344,
d1cca1f48db84994ac12b8719c0c1a91,C0CEE50CE3,1713690535,
03f13972811748f48d8ef49597601162,C0CEE50E8C,1713591612,
f3e44c953fc1485a957b5e21e9145f05,C0CEE50B3C,1713853706,
1fc1900311804ae0adfe7c2e94377f0e,C0CEE514D3,1713774161,
790afd5e12ce41ef8bfc91cf83e8930a,C0A6E500A4,1713776977,
63ddf226f2f940da9c0df6ad2c272f6c,C6B8E504DE,1766130880,
c23d19c910ba4445a940ffdcc5d8f747,C0CEE51069,1713784192,1766130878
50e254b831dd40ae81bdf0467393ce39,C0CEE512E9,1714101192,
70f2149724d74d9188c97103579111a0,C0CEE512F0,1713854238,
1b676d220158489992a171b398436107,C0CEE503DB,1714014383,1778205322
c6df47813bd144f3874ffbc671e2ea75,C0CEE51614,1714101925,
8fe2a311b903458d99d31ab7a7cdd2a6,C0CEE511A8,1713762135,
e979e3d66d88493290d4063265ce5539,C0CEE503AE,1714014649,
4067e4750d9c4507989ae6555c4db588,C0CEE51112,1714015811,
d186083d4fd84f67a4a80ba27bb4ad7f,C0CEE515BD,1714118142,1766374762
e8120cb3d3eb4ff9bb1c5ae3a3b48ded,C444E506B5,1766374764,
8a5b65ea4e4e4c718094cdbe8a26cb51,C0CEE50AEF,1714023495,1778643858
b3dd7fc6fdc64ccd9a6129e179969a47,C0CEE50185,1713855935,
99e21b824b1a4990ad0caeaeed7af483,C0CEE50DE6,1713942689,
d7c87c995cdb4daeb958dc0266cd6fd2,C0CEE50AE6,1713932186,
83bfc07f5c1043efb211324d6610343e,C0CEE50523,1713759966,
e388b56e1630439a80325e9805d430b6,C0CEE50179,1713857115,
75c7b4aa17ef4760878c2062d79d3d3a,C0CEE51770,1713931490,
b355c4a9260e473eb77efaf84139fdfd,C0CEE50916,1714031709,
434b1e6015d64db4836c860dc28a12a3,C0A6E50212,1713846553,
be148124e42444828f124c88889c7566,BF34E52F55,1713845097,
3be242bd9e8e4660ac2207353b173e3d,C0CEE51382,1713878609,
3df200c2a20f4595865e2dca731c3bb3,C0CEE51399,1713878886,
7a22ce92a1034315963070d60a0aec18,C0CEE512BC,1714066646,
5a71a842b61048f4bde22f082a3f0919,C0CEE50F68,1713876475,
24f5adb412ec41fd9b26bf1223ee2819,C0CEE5170D,1713945615,
6c05edd963fb4427ad110dc83d2a98c8,C0CEE516AA,1713883327,1778287433
1d3edbdaae0a4b8ca2eec0c9859b0502,C0CEE51367,1713877019,
ef244271d5ce40f4a7a22ac74f67419b,C0CEE511F6,1713796983,
20e904355310498daf5f3d952bd5f3ed,C0CEE51388,1713876947,
e43197e5184249fc873d0a4fc4e4245c,C0CEE51394,1713877926,1760515936
e43197e5184249fc873d0a4fc4e4245c,C0CEE51394,1760515938,1760515941
e43197e5184249fc873d0a4fc4e4245c,C0CEE51394,1760515978,1781764613
43572b7fc9e04ee78349477166f84a72,C10EE5292C,1734245838,1767004087
680fb53e790a43a694ec36bdcabc36ce,C69EE50723,1767004089,
122f9a2790f540d9bb40e824eea6cefd,C0CEE50F7E,1713874451,
b3aa6ee97419443093d6b4f49b7be456,C0A6E502F3,1713928945,
3eccae6cd5df47d786b491215ee98acb,C0CEE5170C,1713778559,
c7790587b0e04770a58e86fdc7519464,C444E50BFA,1742969078,
203f0ccc73224ac793f8e98c8a971d5a,C0CEE51181,1713761197,1778832009
4f2e458eb05640e88c32bbadc65f2012,C0A6E504AB,1713665741,
1b42fd6bc5b04d9691a94b1df2d99a6b,C0CEE511B7,1713764015,
4965c35cdbe34771af3ecc12a5d7b866,C0CEE51038,1713862607,
1cf674d2d1ab4e17a96521d6d5de5c48,C0CEE50C51,1713694010,
30ae12b5b88e44afa769487d51394b3e,C0CEE51497,1713943592,
92bf91ee36db494482886b55f5a1d6cf,C0CEE50FB7,1713607236,
cf16505d4dcc4ab3ac683be9f29dff3f,C0CEE50C74,1713943401,
bde76dda617843a795fc3a1272a01070,C0CEE514B8,1713924759,
97e33d74a0a54a3b86816766b7f0af56,C0CEE51502,1713772305,
2965b72374c8451a87449b8f2a288837,C10EE54E11,1729418386,
75c5d250c6f24b07aae33ea1835d8ffa,C0A6E500BF,1729418422,
f3a721298769476a85ecaf311e2f70ca,C0A6E50271,1713585030,
00e7e7da495048b5966fe73ee70a15d0,C0A6E500AF,1713777253,
1794c214282241eebb38ed05d471803c,C0CEE50E5C,1713607685,
b38301aa4b34488c8748df1ab53c0608,C0CEE50B62,1713853405,
2395bd20c84b4bee8bd002f7f1d81467,C0CEE503E5,1714010158,1768115934
36786de3b5d944658583024fb13341cd,C704E504FD,1768115936,
957d30793f3a45fbad9f866c78921e17,C0CEE513B8,1714028738,
5ade399593b14e51866b928a1ddd02fc,C0CEE503C3,1714013182,
bfae077c9e05476690e18d7243e1cd7b,C0CEE515BF,1714117381,
da36d0152e904432bc12247eeffc6cbd,C0CEE50DE0,1713946117,
acc2b61cba474ea0bee92c0bac5fe98e,C0CEE51355,1713928904,
f501d10ad6ed4dddbcdcd67e52f9ce4f,C0CEE50153,1713767956,1778752275
156b38ee7ed04b2db818fde9520e6464,C0A6E5025F,1713583266,
77ccede5fbe3456cb4a85268b766c18f,C0CEE510FE,1713613468,
9ce3fb0c56c24fbd93324b148f752a69,C0A6E5069C,1714214284,
1abe59ab96a84a58852e78559217a7ce,C0CEE50181,1713861722,
7ba949b9497f420a9d45eb31c4e5224b,C0CEE5014D,1713768313,
a306fb96c9d14e12bdb9e2ae27ef3e32,C0CEE50169,1713862022,1778738099
b5e3d4fb8ecf4d459b27693dfe448a48,C0CEE515B3,1713864227,1778318103
c7e81393eca746bf9501ada28902b194,BF34E518B7,1713513451,1778648003
eada7645d9fb45129679739235639154,C0A6E5060B,1713935887,
c7ae99a09dd24773bbcea6bcf4a15892,C0CEE511D2,1713796886,
966ac92b177c4e119e3d3d28283df8f1,C0CEE50228,1713953669,
bd57b5307b7b40cb90fcd67811bc79c2,C0CEE5173D,1713882298,
5be56e69d43546b1bdb304c3b392076f,C0CEE516C5,1713954555,
892c5dc15128434b93262133f9b49874,C0CEE511CB,1713797888,1781589002
a19f87cbef6d40ddae91220ac23e1816,C0CEE5136F,1713878747,1778321398
578bc0acdc26406ca2858af35f82fb8f,C0A6E502FD,1714109390,
07407b68d97745feb44618d91a1ffc02,C0A6E5017E,1713696830,
a16abee2588f4024a28972343bd876a1,C0CEE51692,1713862447,1778748312
35b7c81b43904f4fa9afd5008270b855,C0A6E503DB,1713513650,
439f62b39a874ee2b3c24795639d44c1,C0CEE51199,1713761405,
0aebeecda8f240d99b4b7adbd79ce350,C0A6E504C5,1713602730,1778742383
c25a0790dee84cdb846d2a1896c4308c,C0CEE50C28,1713693307,
6814e057e84e408782626d7b571f41b5,C0A6E50502,1713851223,1766548894
9c3d6098149446c1906612d1744a3a40,C6B8E50B8D,1770546205,1778478302
9c3d6098149446c1906612d1744a3a40,C6B8E50B8D,1779010130,1779010179
a533ccc210814feb9e5bef0cbd179b47,C0CEE50C8F,1779010181,1779010191
ad3108ed7b3a4ecea57a6c6a491b17df,C0CEE513E8,1766548896,1770546203
98fd5e8da8e044b395cbf591b81a3145,C0A6E50496,1713584443,
902073b5db164b2d9c9042e4a51c3f4b,C0CEE50E30,1713516283,
2728eb40cce249a4a38ed829f24cae35,C0CEE50E99,1713517057,1768272641
522449040153429eb46c1ca0b73207f8,C704E504EB,1768272644,
10cc6ac7a0f1417780510c2b117d52e4,C0CEE50C94,1713590947,
8214e774329649138187eb496f776033,C0CEE50C2A,1713693853,
dac8ae89b3ac4eb48f29b857fed928ba,C0A6E500D7,1713783808,
6dc9c0bb3fbd4c2f876303b0ccf185e8,C0CEE50C40,1713775376,
b38fe905aa144880a5cb50e36332ecba,C0CEE50E0E,1713515135,
50e2859068e1472dbb1e0d09022c7707,C0CEE512EE,1714028917,
bcea8e1dc3a4452db145f319257cd54e,C0CEE51083,1713777574,
67ed0df8ef4940e694019331ef9cf622,C0CEE510D3,1713615021,1781765163
a0aad61cf17c41a0b6dfdd9b856ee863,C0CEE50E72,1713610129,1778227063
33e817f15173453d9b4f90981be54168,C0CEE50FE3,1713761245,1778838620
cc5845117b874e68abad38099787ce1e,C0CEE51341,1713926032,
279b50b4aba8490a813f2a22f73fd9cb,C0CEE512F6,1714029042,
4db3e41b1c704502b77bf500408f865e,C0CEE50B5D,1713851978,
1df629925d804d66bd2fc70cb9158fd3,C69EE5072E,1766476496,
1ed670e09ada4bef894135575634205a,C0CEE50BB7,1714101898,1766476494
1991960eec274233b11e734c37c4ab97,C0CEE50B25,1713942939,1778320005
1991960eec274233b11e734c37c4ab97,C0CEE50B25,1778378431,1778379502
d93e1fe9d3514c458a24cfb3a5d6aaa5,BF02E53304,1713496574,
8b242edf62dc4ed9be01d47fb5b18e81,C0CEE5132E,1713927822,
2b61f7721c1d45fcb54863861eaf873a,C0CEE5105A,1713925200,1778638867
9b055b9c783041d6aca78a1b6212f816,C0CEE5015B,1713861553,
1f9f8758b9144a42a555038f797a6af9,C0CEE5017E,1713856248,
2470c3baace3412cb2e4df0c648f827b,C0CEE5011C,1713839147,
ff1e1bad4bbe4ed881df0169ef58d10a,C0CEE51764,1714012979,
20f8bb29441b42fab7eb8886c8ba0904,C0CEE5092B,1714028875,
4105cfcbe697464cbdd8e9d8c0f6d8ad,C0CEE50C05,1713929705,1778226965
721a9adff9234dafa79f7358185d0c8b,C0CEE50C0C,1713946908,
18002aad1a7446d99edd16df31c2fd7a,C0CEE50C08,1713946653,
a1bd1bfb01be4b8e8296a5a53a1b4247,C0CEE50BEE,1713931167,
04694e5af81d4a76a8a54df007d1250b,C0CEE5051F,1713762181,
16446b460752441a9d98ebbe49b60d09,C0A6E5061B,1713933428,
0d972037d1ad4998bf4d5fb1ad56b46b,BD9AE00B5A,1719978624,
9b192eed6ac144c0af6eddebf2298ba0,C0CEE5174F,1713882110,
2279bde264064328997154f73309b13f,C0CEE516E2,1713956470,
d0ecd4fce2c34f1595d8873ec57cbdee,C0CEE511F5,1713796369,
73c22b2906f04bb3ad8fa0d0976ad11e,C0CEE51400,1714051872,
7c1fdf064ae4466b949f0ebb19ec47b8,C0CEE511CD,1713797570,
4bbf4fe8bd534163a45a6a5c5e640a36,C0CEE513F4,1714053917,
6602de9fcdd24a9dbe186af1ea864afb,C0A6E505B8,1714098921,
ac4fcbb20cf84e41a23bf50600aa6b63,C0A6E5059C,1714275509,
536c8ecb4e5c4427ad7933ae5ce88079,C0A6E50174,1713697553,
d7e51c98282145c782cb42f80b8ba41d,C0A6E503EC,1714308507,
6a093d343664475f96357177bc1fb8b5,C69EE50721,1766991256,
c42b9974f7a84060af406c7ef738b000,C0A6E50168,1713693189,1766991254
8f8f619f2e804c5ea43896396dad4613,C0A6E505A6,1713695397,1781764596
44304ec2ff784cc4af8319a3cac2562f,C0CEE51505,1713580339,
dd65837eeabb409a906bbe8695932a11,C0CEE51538,1713599936,1778465370
16289099abac4d69831baaab7c8703d8,C69EE504BC,1766047197,1781589398
3b66b9797f4341f2aae8c0d80fcb6b08,C0CEE517B1,1713859464,1766047194
eac13f4777f04e4287a516f8b0f4d2d1,C0CEE50089,1713776426,
dd7759d21fc04bd783f5322005919d27,C0CEE51775,1713929194,
6c1e09c8a51c4836bdbbb037d4f56b1d,C0CEE51718,1713775443,
bd2a3609b0ce4aa7bacaa38884c4cc7d,C0A6E50214,1713873148,1764037180
fc967852bd47439ab997db53934df567,C658E50B7B,1764037182,
f6277351091641798b29b40db57f7775,C0CEE51787,1713931273,1781491922
55921db19e30482482d23787684f8de5,C0CEE51786,1713930451,
36881f450d9242e88efd81c21fe884a8,C0A6E504AA,1713836704,
a6441466559e454aa81fbc208dfc5ddd,C0A6E50100,1713671947,
c92b0a1bf3254591a670c604a4f95573,C0A6E5049D,1713836507,
c93cf0fa77794c1694e4018b1e2d86c9,C0A6E5047E,1713584469,
1e802dd8dc5f4e54ac99fd7198dc86c8,C0CEE50E86,1713592707,1781761825
0e2280b9e47b48d683b74f7974581257,C0CEE514D2,1713771095,
09aa5292f39a4e9aac1c24d8d69b3371,C0CEE50FD1,1713606870,1763017884
09aa5292f39a4e9aac1c24d8d69b3371,C0CEE50FD1,1766045461,1766045690
154ba1a7dedf4292b4344a1e2ecc44d6,C10EE50D67,1766046100,1766046158
73b19dc5ae354505bfea6c0efe939b73,C10EE50D05,1766045948,1766046098
755ba3d116424c2385abdcdb1986f717,C10EE5040A,1766046160,1766113816
d52ffccd44054ecb91870fcd7a38b6f6,C0CEE50CCB,1766045202,1766045459
dd3cd11dc6a746edae0a5afc16a5f4e8,C0CEE51511,1766045692,1766045946
e655e77940d245568eb481a7258aaa44,C10EE50B52,1766045021,1766045200
f0474a8ab8b14d068d9b87c1deb751bf,C10EE519E2,1766044814,1766044940
f79f77a940334efbb3be2611f9e7598c,C6B8E5027F,1766113819,
c8084298241c488dacab4244e6415e03,C0A6E50499,1713584416,
cd31d8829b0f4a90af8ef5f0599e1107,C0A6E50105,1713672186,
eb86303debca4a41b7e018d0e30fe979,C0CEE50E33,1713514116,
185ed19d804649ef94a545c978da0015,C0CEE50CF4,1713687654,1778644682
81b3d158853f41d6bb19721215690042,C0A6E500BE,1713776415,1778156904
831be49a4298423dbf6b1ec1e72b4313,C69EE504AF,1765941506,
e257f623052a441ca9e6540a91de5e6f,C0CEE50CE4,1713688117,1765941504
b2777985b00c480d8cbdf54c0d5c0ad1,C0CEE50C50,1713776307,
f729debb52744a70b6b6d40dd1d6c37f,C0CEE51152,1713682266,
5b36bda0384b4c7dbc16514a6504849a,C0CEE51070,1713778144,1781589487
1188cf86aed940aaad9705063754a21b,C0CEE5106D,1713701281,
1aad229a8d7c4585bf19e56d40f23b61,C0CEE50D7F,1713837573,
c29f3eaf9b0444abaf761ffb457adb9e,C10EE5230A,1740631875,
94c37362ddcb4df98be81fe04d1ed0f1,C0CEE51324,1713929103,
ce616b5202ed4320906b1d52237d5f51,C0CEE503DD,1714013857,1778919427
c91a80ba312642049e55b56b21cb65ed,BF02E53328,1713498338,
aaea6dac16d7414dab0ed0b52f35b284,BE92E511DF,1714099396,
0d38f0cc18ec4d189ff5db1e518db805,BF34E518A2,1713516629,
816c8eb1b16241398d2fc5e917197751,C0CEE51309,1714101803,
e7296d35e5064ee9977f27755325e2af,C0CEE50E50,1713606778,
f23f3535b44b4d2e9517f8b077b0deb4,C0CEE5014A,1713839498,
72a1cc9ef03843068d7bc1eac9a5d110,C0CEE50125,1713766608,
66dcdda36faf4bb6bd3dbbcf694bd044,C0CEE516DD,1713955860,
fb2eb23fd56842b6b2f98a8f055a0b4d,C0CEE511F2,1713796631,
cf940eb8451040cba0b29f573f526502,C0CEE51389,1713878668,
eb07cc02b1a34e3893c8837b01e7681f,C0CEE512B4,1714062634,
68abfe8f260d490887490108ff14c56f,C0A6E5030E,1714104240,
b1946255fae64e0ca348be157cab5e46,C0CEE50F98,1713875963,
42bab07990a74cec942d26aa6159393e,C0CEE51398,1713881429,
b0ce24f9679b459d9cf021d6c9aac25f,C0CEE511D4,1713795326,
7996c03bf4a34869adce3909da673879,C0CEE511D1,1713797563,
449fbe2dc7a04dc5aceea04d623e2087,C658E506F4,1766906835,
67b25a6e8d314b2e8c0653d7589a2b3b,C0CEE513F9,1714061380,1766906833
025b873371234757b64cadb0f2fea282,C0CEE510B1,1713766886,
63ede1a26f794164a622824484e8408d,C0CEE516F0,1713774326,
7babab18b0c2489ba6efacb0fc4e12ad,C0A6E505BD,1714101377,1781589097
023a8ff9ee1d41499b21b0717685e49b,C658E5028E,1765417207,
d52738d2efeb4a6b8cdd52ddee8ee6a4,C0A6E505C1,1713695068,1765417204
5bf661d3b0114cff8c89314961cd43dc,C0CEE5167E,1713863538,
fc9b0c54c8ad40cabfa84272528519f7,C0CEE51682,1713864928,
2655bb241c9847388f8aee5c443ae2ae,C0CEE517A4,1713854726,
c668c63f891a419b9741466d1035d7db,C0CEE510AB,1713768037,
f7388d29ea234ed1b7c3922f3dbb0ab2,C0CEE51191,1713763303,
2c3a8ec1f42d4dd296cc5a6bd430de80,C0A6E504DA,1713854200,
cb30613097084afeaa34f0ac0e9622bc,C0CEE517C7,1713778177,
a4d2298affab40718f7bbc93292b38d6,C10EE51C90,1763968261,
ca8354603bf042a0934dba0ea2d80dbc,C0A6E501B4,1713599098,1763968259
49ae7a748c07494aaccc4213dbfe85fa,C0A6E504DC,1713852919,
bbde433c79e4430a96332b259928cfdf,C0A6E50488,1713584593,
92151dab732c41da9423d217b165c2af,C0CEE50C99,1713593025,
4eecd07b143c41259cc19979b18a77fd,C0CEE50FB9,1713606749,
3ab79981b1054560beb7026c3eab055d,C0CEE514E3,1713774266,
f3098e846f1a46d88a89e6171849fb0f,C0CEE5103E,1713863207,
0e1c73f041614537bdd6cdba8c02f323,C0CEE50EA8,1713517296,
0d85f76b7eb846758d01e8938a747698,C0CEE50FAF,1713607410,1762658162
30d7522f7beb4123aa76b594aa0df403,C69EE5049A,1762658164,
7bf5394e4c70404a9259965111b275be,C0A6E500C1,1713777332,
254e6639835145a7b53a554521ed3802,C658E50B91,1764044584,1778814325
d6c0f0b164674f6cb1dd8211bda0c3f8,C0A6E500DA,1713768250,1764044581
3c02aabcf06e4b08b815160376d4ced1,C58CE509EF,1766119465,
9eb9a8dcb843421ab7dd308222d4a5da,C0CEE50FFD,1713760259,1766119463
8f6bbbfca7d14b2ba6aa576aa6358cdd,C0CEE51165,1713673584,
25085249f6e946cf93ef38faeaffd5cb,C0CEE51064,1713777684,
7dac0bb57a214479bc651afb1e315b51,C0CEE515EB,1714187664,
c0a4cfa3f2fb4540906463d8ccdd59e7,C0CEE50B1B,1713944730,
6e0931c4ddf341dc92b85ef76734c25b,BF34E5342B,1713494345,
750be681674b45c7be76e7939126fa5b,C0CEE51338,1713926634,
6f0b4cbfeb284e238be06d715284a2aa,BF02E53303,1713497447,
a146e08225cc4193bb0c443ef4e7ba35,C0CEE50535,1713757157,1781760407
bbbe329186554266981cfd2010294467,C0CEE50D72,1713839485,
91c457f7b0bb45ea9575a3c406e4b551,C0CEE50B64,1713851209,
3c37fb7ec58b4f449c5ded5ed9af269b,C0CEE50DED,1713953836,
341b88ba8ddf40868019f14f24eed817,C0A6E500D0,1713783983,
62ddf0cdeb3e44339e2dd313bf8cd66c,C0CEE50BF6,1713941663,
467666b2ef4d4287b5c2c667bba2a25d,C0CEE5147E,1713843148,
396a92f6253c43ff9bf430c2f67d9312,C0CEE50183,1713839665,1778641474
8b3d7d59853d4a5f987552ef86c9a00f,C0CEE50516,1713755386,
39a4439043574a56b7e3d444e82be423,C0CEE5053C,1713759309,
07eefbf246fb4ac29f8d0aceb4c1c2a1,C0CEE5053F,1713757551,1768111989
f8a3b48154874540ae3a2e8b8337c4ad,C69EE506F7,1768111991,
03be2c39472f4837a793c5cd575333b4,BF34E5188D,1713519058,1778228578
96ea0ef782924945bebcbc46102c96d0,C0CEE51365,1713879319,
c2934681ac8f45329aa55a6d2436fb43,C0CEE513D8,1714061591,
461e2b3f3fba443ba467d3e860c2ae45,C0CEE513F6,1714051347,
9be7c0e74a754c1eaf50c8b5dd812d0f,C0CEE512C9,1714066227,
7cded5d683c24bb78275398484cb4097,C0CEE513E4,1714052944,
d6438a9a9dfd4c78aad6e76c49cc0cb6,C0CEE50F72,1713876251,1778910944
9d76cdd8fee84a83985884a8ea4d5f46,C0CEE513FC,1714054075,1754713110
9eaca038d93b4db8bc0b116b75016fa3,BF34E532D8,1754713112,
85a3dc5eeed24702bbf564cea416dcd4,C0A6E505C5,1714099983,
ee6f277242824a8b824292fd69ab83f4,C0A6E50172,1713693765,
2376df1994804cf4a4387e643e995423,C866E51F46,1774845084,
64c3a5d460e54a6592d0dc7b9bc5f56a,C0A6E50592,1713695015,1774845082
34665f53c10c49f881719c36dac47d58,C0A6E5018B,1713696429,
3bca8ebf0b3d49eda58f456e2b39b393,C0CEE508B6,1714203362,
6c75d54fc4ec4493be664b69a1647046,C0A6E50286,1713694809,1767071544
9bc2b1e3d522468986b8bca0dc43439b,C69EE506A0,1767071546,
a23c2b09e32a41129779cb4972fffa84,C0A6E5018D,1713695678,
35559225055e4553a3d05b0a2f0a6222,C0CEE5170B,1713945010,
44eb4b5b35924b1fbbfd1e2d69d2b4ba,C0CEE508C9,1714200164,
aa9785d64f0b4ff4bdef7fa7e00a7660,C0CEE51223,1714203925,
75215e6efd3349d197f7754b977454c7,C0CEE51689,1713946768,
a99d101e7bba43d9befe8410ee9d703f,C0CEE50D05,1713686325,1778304600
3c4f0367dd0f41fbb03cfba0fb9103f9,C0CEE51485,1713844603,1778840504
b2c991147f0b48b58fdc97694ff23dda,C0CEE5146A,1713841578,1778387988
946129964570492eb19f2d6a9dcdd711,C0A6E50227,1713873003,
0c9b805d41494ac5a66370379b38ea0f,C0CEE50E08,1713514230,
689bf20c8f35490c96dfc54d2151a792,C0CEE50081,1713771997,
0b6dd02a086e4badaf546bbcc3c5c0e8,C0A6E503C0,1713521785,1778230199
7d2577399f6c4a6c9e272ea86867d129,C0CEE50E0D,1713513509,
bd36c0200d4746ff8230e4f5634b76dd,C0A6E500F6,1713672919,
8a2a97cad30844beb3f1ae27005f27fc,C0CEE50FD0,1713607056,1778394470
44563fb80aff47c4a79be69684e281f0,C10EE54935,1736410749,
2756f042dde945588cd739da96e4ac30,C0CEE50CF8,1713690622,1769761850
ca8fe9652a6847b382982c1635824bd0,C69EE506F1,1769761853,1778643089
4427604c147946e7a3b809046d1831d6,C0CEE5149E,1713925896,
37bc87baecfd4a2199688b6ad2d4c976,C0CEE50C21,1713774925,
24a902298e324e45ad1f0255c197a13f,C0CEE50E32,1713514827,
b487a26867f64757a1efd7a05a3245cd,C0CEE50C1E,1713693487,1778660063
ac07f2493d1146e183e3b36da8fdeb9b,C0CEE50D03,1713687697,
a63d2b4a72414841a62c125c1df64070,C0A6E500C0,1713768409,
1e81455c4fd84abbade563af7509c70c,C69EE506C6,1769762982,1778644991
74b9fb0fdfb14d50a4ab4651e2d2c4a7,C0A6E5038D,1714041276,1769762979
b918d94b297b47ca9e377a9a37002169,C0CEE50E8A,1713517983,
09e81112d4ae4eb3b624734d3d180c66,C0CEE51066,1713945212,1778831723
60153c962d5c41b8ad7c7327d569141f,C0A6E500C9,1713776578,
941fbb4d37b94087b21c6d4454f45365,C0CEE5106B,1713702451,
4d87363e20ff415ba96a009a391636b0,C0CEE5115D,1713684487,
3ff5d0fdda6c4705872ef83dd1a02779,C0CEE510D4,1713690640,
10e0a4d6b3f1436a8bf9d38a7c55cae0,C0CEE50D73,1713840016,
de443665733b4df49fd504e51ab79923,C0CEE512FC,1713852398,
19ecf9634fb542878a44d0e4012f926b,C0CEE50B09,1713949516,1778835244
877c65a9f9ed424eb78240534e2f0322,BF34E53408,1713494040,
21d3d9d6bbf14244a8ba0ae879f90508,C0CEE5155E,1713763268,
9cf1b0ea830d4aa092774ba3cf3249de,C69EE5067A,1762670796,1778648074
b60ce6fe388148d48aa658c56c89280b,C0CEE50547,1713763200,1762670794
4011376678164b45b7d9c87a0ac92708,C0CEE50BB2,1714102625,1778139143
e5ce0e4357a84dd98c70b0763d21eab0,C0CEE50D40,1714018818,1778643504
b65f953d52184b498aa4832e635749a3,C0CEE51315,1714100239,
d7e1be99a12445aeb07529c82e10e2b1,C0CEE515C5,1714118211,
f4ed38d9540644b9bd573df728aaa0e2,C0CEE515BC,1714118062,
3c45e4da57174019a1dfddc08b5b5239,C0CEE510E3,1713689027,
e0150b44adaa4b3ca8d463a6e5f9f880,C0CEE5012C,1713768013,
7d029fc3845b4dd3bf3f5c260d011f57,C0CEE50180,1713849765,
10fe49c167ea434aa6c77b1d62a76a1e,C0CEE5018A,1713856141,
ddbf53211b944b3abf28f4aeda89b528,C0CEE51761,1713928906,
cf6fdb7af6e744238018a0fbe1fd7436,C0CEE5052A,1713759684,
69c2b95e02c34306b1bdb48b0f9df97c,C0CEE50534,1713762494,
ab7cfd8b311749efae6b13f79b8604a7,C0A6E50606,1713927521,
5c41b368b46b405d886497d617b3615d,C0CEE51581,1713863191,
e12b139be2e94dd9b15f21813f8c4801,C444E51088,1737087086,
ba3abc63e4554f69a2297395975aa29f,C10EE55668,1737702913,
f6255dd30d31455f81c6672240db4da3,C10EE55489,1737100826,
ecc0bde0d5424b48a548be89d0c73b32,C10EE556A8,1737015991,
8c63c69730e74c53aff337e63be42c3a,C6B8E506D7,1768985222,
c019d8739abf4972ae55f9112747bf7f,C444E501AC,1737037601,1768985220
08cef932a7be4a68ae0ffa5876e21f6c,C10EE55B1E,1736667024,1774245641
192d08e231b34ed5a11319ff74c0c167,C10EE552D2,1737446511,1773469135
3c54429cfd4b47bab38eae72460731d5,C10EE574D4,1736479469,
085a57add5c24aa09f615612303fd52a,C10EE56225,1736837297,
54256bcd95464072bc5c0f3d5a435556,C10EE567D2,1736748719,
205aa930126c4c9c926d006f14e36734,C10EE571B6,1736919504,
767588cb69fd4da0b4c93636276ea305,C444E503B9,1737015655,
2fe4aab6171d4ef58023b7f605f89fd5,C444E5034A,1737021148,
1f3ab93ea09a4e8b9707e0f05ce3d8fa,C444E5113C,1737120192,
6622f82569324ab2903d921e2e2487d7,C10EE54BF8,1736932212,1773969793
94689c56ca0c48d992ec51965a99c21b,C10EE565FB,1736925944,1773716547
2a8539ab78ec4e1c8c7e19d942338907,C444E50640,1736999006,1773305594
7e0b4a38f5ac49e982b701d3bfdab342,C10EE56241,1736820707,1774230550
f138eeef189f42238933b45c2121cd9b,C10EE53D34,1736928567,
20af6e18d7944fb09ed4710514041f0c,C10EE55FA0,1736501459,
813c68a735e749d7858118fab0a00d34,C10EE56253,1736753503,1773903934
21e3b20600ab48a694aa6a18b5a4085e,C444E5041A,1737022622,1755070350
c1c0572620b84db5966f6bd4f5a7a4d2,C10EE56B1A,1755070352,
1e35c8a63b2c4e5b8486bf5da8e9496d,C10EE55624,1748152063,
54c383f8281446069874127184911ae5,C10EE57210,1736840883,
fe7bc5013d5e49cc828384a717b73e48,C10EE5753D,1736845059,1773309456
e3bf6295ed764ce695aedaf52e8e8d86,C10EE54EB8,1736926816,1773286110
b545061446e143b6a6d6e0e4cc9a59e6,C10EE5624B,1736749319,
2b5e382761f744d6ac671ab4fa489460,C10EE5680C,1736835357,
bfa9fb58b3d14547afed8fe2a4a6ac4e,C444E51111,1737118895,
9a74896118094df49185952f5753cc34,C10EE55B05,1736674199,
4109a768bc884f50b1060f0cd38da38c,C444E51C66,1737270201,
a9c6ef767e194f7e942241ee829c59e8,C10EE54C4F,1737257905,
7f2ef7bee23940c1b3462a71be819f0e,C10EE5516E,1737010846,
15838bd843e94e9090e12eee9a02b364,C10EE558CB,1736736562,
39f397593c4f456ca298cf6f3fcc1834,C10EE55FC5,1736502049,1773725336
2482f3e19d80488da66c1ee31816c358,C444E5050A,1737099833,1773309698
abbc31e9a3064d4a800292f192b3c1d0,C10EE556B7,1737015170,
9dd9b48482994122a1a266751d2107ba,C10EE556A9,1736925812,
53d781951eb04c55b537a9d0ac090027,C10EE540E6,1737011912,
90179b1a103c4ab2a239e6fc45d8c73a,C10EE56893,1736823188,
daea6e403a634612b4539a49bc1a764c,C444E5030D,1737034079,1773646414
dcf0ee4ae8d8435b945d35037bc9ab22,C10EE51EE9,1736932486,
f848db0c9b0f41779bc3b3add1993a10,C10EE55559,1737273145,
a08249a45fed4f53a485af2134dddcbc,C10EE54BE6,1736931174,
e0bd9eae0f34474a81686719e4f6fc4a,C10EE54EC3,1737268028,
776bcc790ea84eb8b4209b67e4ff7772,C10EE54BC5,1737008543,
02c99b90aee3408996728921c91346a5,C444E50438,1737093831,
45de018610f146ec868ea0f20f3a011e,C444E50448,1737094555,
f92a07b93603417583efac67021df0ab,C10EE569A5,1737353346,1773309442
c45746a915e543199b7d1eb6f7e82163,C10EE56906,1737357664,1773284948
46bc99c1ebdd41d79ba5c9f21ebf0353,C444E505CD,1737086993,
6f0e2eb4153f4df7929c00781ca79b4d,C444E51077,1737108234,
441182cff50e45959d5fde860365ee66,C444E51121,1737119918,
d62e5c7955c14ea982491323a63b8cb2,C10EE5532A,1737012979,1773457932
dbe8add288824d1dac06ac7778d48462,C10EE54C24,1737263502,
d34444c26c6b453e91eb07e4dcc980fc,C10EE55A24,1736830694,1761638818
d34444c26c6b453e91eb07e4dcc980fc,C10EE55A24,1761638821,1773969866
6f8c7a8c9b104c40911a3ff69bd86a08,C444E504F4,1737080077,1773913284
546d5e01f8c54dd3b2eddabaf682be3e,C10EE55448,1736839904,
1ee7463b9b534c9e9bd05bb7a2034c77,C444E504E3,1737079679,
31bc31d01c74492c8b68c3071e2b4b14,C10EE568B5,1736754006,
3eabedff270c41c39d94f2ddd24fecbf,C444E5113B,1737115709,1773303200
29570af5330f41b1b38a0e255d6e2062,C10EE57230,1736836675,
c45c9c3d6efc4316befadf8e65222778,C10EE51EE7,1736910820,1773304617
edefe299e6ee41c1922ba8b86c6fef25,C10EE540D9,1737012735,
f22b47e23a554cd980ef8e586db878a5,C10EE56233,1736752555,
14dc026fedb046a5be7d8d94b8e6f62c,C10EE55A0A,1736829446,
82c2ab9de13c4aeb87860a0a320b25db,C69EE5050B,1763455036,
b07c306044284706b5e882f28e27e995,C444E50506,1737082168,1763455033
afc0e684f6514c2399dad399882de67f,C10EE5632A,1736845967,
4d8bfed454a942a181cc6fa15e0866df,C10EE556B2,1736932249,
b1fb3601358045b898cc6038455c5b4c,C444E505FC,1737086813,
23ac50edd2c2422cb74c4973738b28f8,C444E503ED,1737025142,
ced0dab707414fe285cd9447ecf28d52,C10EE5513B,1736999264,
afd24652eaa0499ca096f545384ac388,C10EE56255,1736668007,1773902136
fa905f074c9a41d98294f2ddb3e26765,C10EE550C8,1737028008,
802f471b1036464e9c1ebbda2883029e,BF34E53505,1737025189,
b632415cd98d406193e6868f936d008a,C444E504C6,1736928202,1773467797
5cff1604d43047efbcca00bb9697a6eb,C10EE56E2A,1737007847,
254e94f8ae09482ca4e8608daf70eff6,C444E50E9E,1736934995,
b0d1dbec68d9407582b5a9c004408293,C10EE54EEA,1736583885,
e823e3395a2949ad806c63604953bc9a,C444E504B0,1736927522,
a0e35837b51f4c3a80b01f480567813d,C10EE5654A,1736493487,
3bcf67fd95e047898c86578eb165675e,C10EE56799,1736921571,
8a9cb010a83e44d09111f8366b696b47,C10EE55CA4,1735790601,
972398181e8d4f74aaad325b1a6dd6fa,C10EE5731B,1737007426,
847d40e4f09546919f408a5227a05dc2,C10EE56AD9,1735900671,1773309719
d213f08de5fe4ddbb46ab455f2bf3619,C444E5024F,1736946798,
a278ca87a8dd47cf9d1173602257026a,C10EE551C1,1736234587,1773309706
6236809706db425e9a7d0d83c0ac1a38,C10EE56A80,1735893795,
b41ba88dec4e4266a256a5123c3c9373,BDB2E506AE,1736048673,
4ee5828cf0db457cae09351bae2a0d88,C10EE5667C,1736409195,
0d30489f0be14da48a5647fcb5352339,C10EE55EEE,1735791299,
5adab1dfb48d44c7a6861eb364c65e76,C10EE5694C,1736828892,
bb7c6349c6934b4d847d45d04c368f9f,C444E50F88,1737108882,
6e9a28cb9b0548cb87535f1c598a2bb5,C10EE542C4,1736407638,1773836489
bd41c7d7e34b45d0b7506d32e5c8476a,C10EE56E0A,1737001364,
c6b2239e69cd4d0fb1a86881a3a7afe7,C10EE53E8A,1761808196,
d126d84fa6124b51a6f97d5096170ef1,C10EE56FB6,1736217375,1761808194
dee481e040bd41c6b3a8aa86e4f6745d,C10EE55CC0,1735799922,
b4d324e4eb3b4877ac0adc6841ccdf9c,C10EE55C99,1735796685,
24017fe25eef4607bc7b2eb3a747e5d7,C10EE55340,1736560411,
8ca3ee32fe994ab0a3a5bde69e99d6fd,C10EE52AC2,1736223667,
f1f72996b1924368ab725d63e6c141ad,C444E50EE2,1736910519,
11869ae755ee4634824693bac178615b,C10EE55830,1735888620,
7bbb1e867af14e1eafe42c5b5385c773,C10EE569F0,1735807388,1773841787
03e8cd232d1f47b5a403088c29f3fab6,C10EE55C9E,1735787275,